name,email,phone1,phone2
Hilary,hyepiskopov0@imgur.com,Female,39.71.20.225
Sisely,sfoskin1@gov.uk,Female,210.17.234.18
Shana,sbeange2@dell.com,Female,37.63.18.56
Redd,rhostan3@gravatar.com,Male,28.161.115.69
Anya,alefeuvre4@dailymail.co.uk,Female,191.145.212.237
Britt,betock5@gov.uk,Female,89.160.222.22
Sydel,sstonner6@state.tx.us,Female,17.147.180.90
Marybeth,mtapping7@exblog.jp,Female,137.238.38.180
Ulla,utippett8@cloudflare.com,Genderqueer,194.185.6.20
Yanaton,yketts9@jalbum.net,Male,214.56.233.140
Zandra,zblasiaka@hugedomains.com,Female,249.66.187.189
Sallie,smcgrieleb@w3.org,Female,179.245.147.194
Rourke,reasmanc@usatoday.com,Male,203.0.74.33
Benni,bkinneird@booking.com,Female,127.172.77.189
Nicholle,ndebelle@addthis.com,Female,31.66.172.51
Rosabel,rwalklettf@omniture.com,Female,75.57.54.95
Eva,ekristianseng@reuters.com,Female,76.209.235.128
Felicio,fkitchinerh@google.com.au,Male,197.2.172.176
Lanni,lbromfieldi@amazon.com,Female,29.209.115.193
Laryssa,lreochj@people.com.cn,Female,239.198.146.197
Ediva,ebertiek@reference.com,Female,132.220.53.27
Kippy,kcoursl@nps.gov,Male,222.176.156.201
Mayor,mtythertonm@chron.com,Male,158.82.216.15
Desmund,dsamsinn@loc.gov,Male,201.194.173.57
Alvy,astrakero@devhub.com,Male,209.79.120.71
Clemmie,cprettyp@smugmug.com,Genderqueer,126.82.109.174
Lexine,lkernockeq@wufoo.com,Agender,119.121.94.218
Annadiane,abelverstoner@homestead.com,Female,122.150.45.90
Vlad,vpembers@japanpost.jp,Male,61.35.179.6
Gabriell,gmencit@ibm.com,Female,30.244.236.131
Ebenezer,ekigelmanu@pen.io,Male,30.57.102.193
Pail,pburchillv@networkadvertising.org,Male,221.7.15.115
Olvan,obraamsw@cbsnews.com,Male,205.22.209.38
Birgitta,bhardisonx@webnode.com,Female,99.64.4.243
Julius,jdomenichelliy@ca.gov,Male,14.179.134.145
Lazar,lgobyz@theatlantic.com,Non-binary,219.215.212.67
Caterina,ckubyszek10@cpanel.net,Female,72.13.7.57
Rollie,rallabush11@theatlantic.com,Male,226.103.57.69
Garrik,gserrels12@indiatimes.com,Male,149.27.245.19
Dom,dsthill13@shinystat.com,Male,183.83.182.2
Farrell,fharpin14@dion.ne.jp,Male,22.49.181.108
Colly,ckorejs15@livejournal.com,Female,162.89.137.199
Kali,kswidenbank16@cocolog-nifty.com,Female,19.219.61.22
Nicol,nmcgarel17@spotify.com,Female,165.134.74.102
Robb,rhuygens18@soundcloud.com,Male,9.11.123.62
Lona,lgoodenough19@huffingtonpost.com,Female,214.13.183.57
Ryan,rcrossfield1a@cpanel.net,Male,107.141.84.62
Silvanus,stroyes1b@theguardian.com,Male,163.141.166.195
Tedie,tmulvany1c@google.nl,Male,63.140.197.67
Jacqueline,jvockings1d@google.pl,Female,189.121.132.48
Stanly,spearcehouse1e@telegraph.co.uk,Male,192.73.129.142
Abra,areaditt1f@nbcnews.com,Female,206.97.19.59
Roslyn,rkenafaque1g@printfriendly.com,Female,251.204.109.217
Janine,jmcgowan1h@unc.edu,Female,69.255.65.211
Gaby,gcaldeiro1i@disqus.com,Female,48.227.144.104
Halette,hmcwilliams1j@walmart.com,Polygender,201.230.33.57
Loren,lrobins1k@fc2.com,Female,112.8.181.181
Virginia,vmeagher1l@elpais.com,Female,102.167.157.143
Pauly,pcrust1m@parallels.com,Genderfluid,100.85.207.96
Corney,cmabone1n@macromedia.com,Genderfluid,224.155.144.252
Janos,jwigglesworth1o@hostgator.com,Male,6.5.150.249
June,jparmby1p@angelfire.com,Genderfluid,218.158.4.18
Katey,kpeppard1q@reference.com,Female,6.116.169.172
Patrice,paireton1r@seesaa.net,Male,159.61.148.173
Aubry,atwallin1s@sitemeter.com,Female,212.235.53.158
Kamila,kstarte1t@meetup.com,Female,138.33.209.15
Eran,emonday1u@mashable.com,Female,188.242.81.77
Nan,nbertl1v@exblog.jp,Female,128.10.152.28
Elvis,edelascy1w@digg.com,Non-binary,52.204.219.52
Phyllys,preasun1x@google.pl,Female,190.150.176.98
Fernande,fstapley1y@vk.com,Female,59.131.0.230
Marquita,mclearie1z@amazon.co.jp,Female,161.144.190.91
Vincents,vfreiburger20@msn.com,Male,63.201.230.245
Deanna,dsnodin21@hibu.com,Female,51.227.227.62
Viviene,vdewan22@posterous.com,Female,98.141.118.53
Trixy,tfrizell23@feedburner.com,Female,91.154.95.128
Gaultiero,gwyness24@amazon.co.jp,Male,12.125.194.222
Fonsie,fsiss25@washingtonpost.com,Male,30.95.64.130
Kennan,krowdell26@whitehouse.gov,Male,204.122.231.82
Benjamin,bvasentsov27@chicagotribune.com,Male,22.194.166.18
Joe,jhovie28@loc.gov,Male,148.100.194.124
Biddie,bbrigham29@earthlink.net,Bigender,239.13.88.84
Jarid,jbestwerthick2a@epa.gov,Male,157.253.141.87
Winonah,wshelbourne2b@lycos.com,Non-binary,62.191.224.76
Bettina,bgolt2c@unc.edu,Polygender,115.89.199.10
Jabez,jscrease2d@usatoday.com,Male,231.241.215.158
Eada,ebatteson2e@i2i.jp,Female,56.109.244.156
Hogan,hkitchingman2f@wsj.com,Male,162.108.132.23
Elianora,etumulty2g@mapy.cz,Female,220.17.80.173
Nicky,nkrollmann2h@gmpg.org,Male,226.156.47.32
Cloe,ckyle2i@free.fr,Female,214.183.135.164
Nanny,negell2j@cnet.com,Female,253.129.135.252
Chelsey,ctomasian2k@ed.gov,Female,114.79.241.60
Sena,sratcliff2l@gizmodo.com,Female,23.109.98.11
Daile,dcrosby2m@paginegialle.it,Female,223.31.7.118
Kaitlin,kgilluley2n@uol.com.br,Female,94.246.158.87
Quintin,qgrayne2o@geocities.jp,Male,162.61.7.104
Ede,ejewis2p@simplemachines.org,Female,100.239.85.80
Ranique,rseedman2q@altervista.org,Female,145.237.70.59
Dinah,dvallentine2r@admin.ch,Genderqueer,203.193.218.91
Ingelbert,itoppes2s@tinyurl.com,Male,58.17.229.153
Vasili,vjunkin2t@house.gov,Male,148.23.245.72
Elizabet,ebassett2u@xinhuanet.com,Female,92.11.66.101
Kata,kbayle2v@barnesandnoble.com,Female,169.12.248.14
Ede,epretley2w@ow.ly,Genderqueer,121.175.154.134
Ludwig,ldelves2x@discovery.com,Male,92.203.244.186
Frazer,fbeningfield2y@clickbank.net,Male,131.151.78.116
Kellina,khockey2z@columbia.edu,Female,236.227.255.228
Padriac,pblackston30@fema.gov,Male,2.237.252.203
Dorothee,dbrydon31@fastcompany.com,Female,112.72.151.169
Gratia,gdunstone32@quantcast.com,Female,94.201.177.173
Gaby,gsandom33@t.co,Male,244.50.184.74
Laverna,lmallabund34@acquirethisname.com,Bigender,233.159.130.26
Janey,jricart35@cpanel.net,Female,194.202.81.170
Jordain,jpilgrim36@virginia.edu,Genderqueer,239.186.205.211
Anny,arens37@nba.com,Female,254.59.162.30
Garry,gfurbank38@freewebs.com,Male,143.1.196.206
Jaine,jhellsdon39@engadget.com,Female,206.219.227.0
Reeta,rskewes3a@feedburner.com,Female,224.201.93.178
Cherye,cridgers3b@google.pl,Female,86.112.193.63
Hilary,hrevitt3c@eepurl.com,Male,254.93.149.0
Shayla,sclutterham3d@shutterfly.com,Female,247.192.61.43
Tomas,tdelle3e@de.vu,Male,87.103.159.104
Collete,cpendall3f@domainmarket.com,Female,16.46.145.107
Barthel,bedlyn3g@patch.com,Male,224.0.121.229
Lorena,lcurnnok3h@clickbank.net,Female,169.20.74.219
Drud,ddrinkall3i@php.net,Polygender,151.71.214.79
Any,ativnan3j@yandex.ru,Male,175.165.189.202
Luciana,lworstall3k@wisc.edu,Female,88.220.202.202
Broderic,bwooffitt3l@drupal.org,Male,36.136.64.78
Neilla,nguinan3m@addtoany.com,Female,91.246.17.114
Leonora,lrubertis3n@nymag.com,Female,119.42.183.127
Deena,djerrams3o@wisc.edu,Female,228.133.184.239
Giffy,grountree3p@multiply.com,Male,41.96.223.86
Lorelle,lwharby3q@newyorker.com,Female,32.12.13.172
Chelsie,cpietasch3r@apache.org,Female,175.142.19.27
Giorgia,gbartolomucci3s@scribd.com,Female,129.144.134.130
Lishe,lhaskell3t@1688.com,Female,103.1.190.113
Arch,aaveyard3u@stumbleupon.com,Male,52.41.140.206
Hector,hwhewell3v@census.gov,Male,168.221.25.34
Clarance,cmillin3w@google.com.hk,Male,94.51.27.88
Jenda,jespasa3x@home.pl,Female,51.235.134.49
Sallee,smackain3y@issuu.com,Female,77.207.92.141
Sky,sdulinty3z@cdbaby.com,Male,174.236.177.217
Nicholas,nephgrave40@geocities.com,Male,238.154.119.143
Godfry,gvarvara41@deviantart.com,Male,143.42.238.59
Hilly,hdenial42@flavors.me,Male,243.249.72.99
Kaja,kgaughan43@usa.gov,Female,235.3.132.162
Arel,agonnet44@accuweather.com,Polygender,219.47.216.13
Melly,mpavlovic45@t.co,Female,142.171.234.247
Lynde,ldowears46@google.it,Female,172.248.152.138
Teodoor,tmewhirter47@oracle.com,Male,159.206.215.243
Salaidh,sarundel48@wufoo.com,Female,60.126.186.98
Branden,bhumfrey49@amazon.co.jp,Male,50.233.104.126
Hoyt,hstollberger4a@jugem.jp,Male,148.232.77.177
Aguistin,adenore4b@walmart.com,Male,126.255.127.53
Costa,cblanque4c@mlb.com,Male,212.63.143.44
Colin,clabrow4d@google.co.jp,Male,81.153.253.35
Harold,hsheardown4e@prnewswire.com,Male,150.193.252.78
Deva,dchesshyre4f@issuu.com,Female,148.24.172.191
Peta,pahmad4g@freewebs.com,Female,172.40.26.100
Hughie,hmustoo4h@census.gov,Male,47.0.87.9
Joseito,jmacmaster4i@alexa.com,Male,208.72.150.37
Jordain,jdemattei4j@cafepress.com,Genderqueer,143.158.142.74
Brigid,bpearmain4k@apache.org,Female,55.211.15.195
Samson,swoodrough4l@google.it,Male,229.32.239.159
Phillie,pschuh4m@free.fr,Polygender,135.53.213.99
Cobby,cgroves4n@latimes.com,Male,145.95.45.22
Lesli,lgamage4o@example.com,Female,59.109.246.152
Doro,dbartoszewski4p@usatoday.com,Female,38.17.236.62
Harlin,hlifton4q@amazon.co.jp,Male,206.48.101.239
Vinita,vchasen4r@posterous.com,Female,218.44.25.108
Wenonah,wsporrij4s@prlog.org,Female,180.46.88.147
Kevyn,klongland4t@feedburner.com,Female,182.19.145.96
Coop,ckew4u@statcounter.com,Agender,64.109.249.122
Ardine,acasol4v@theglobeandmail.com,Female,21.87.97.49
Rudy,rcheesley4w@marriott.com,Male,180.210.11.159
Tarrance,tpickover4x@reddit.com,Male,119.222.5.67
Arnuad,akeedwell4y@gravatar.com,Male,133.55.245.224
Sayres,smccullum4z@posterous.com,Male,42.136.78.156
Falito,fseabourne50@phpbb.com,Male,165.66.176.146
Walker,wdwyer51@cargocollective.com,Male,214.145.190.159
Amber,aalford52@tuttocitta.it,Female,113.127.106.192
Rosamond,rbresnahan53@ed.gov,Female,255.252.196.221
Junie,jcutforth54@globo.com,Bigender,65.81.86.182
Artemis,aluna55@w3.org,Genderfluid,76.231.149.129
Starr,srumsby56@un.org,Female,161.80.49.201
Sigismondo,sdoblin57@bluehost.com,Male,185.156.91.103
Nolly,nmosdill58@xing.com,Male,215.38.104.188
Jermaine,jrolfe59@eventbrite.com,Male,243.43.166.229
Napoleon,nmccoughan5a@plala.or.jp,Male,214.3.8.55
Geoff,gbaggallay5b@kickstarter.com,Male,88.148.188.100
Keslie,kvynall5c@wikimedia.org,Female,126.51.106.80
Sutherland,sschroder5d@cmu.edu,Agender,71.133.205.97
Edee,ejentin5e@sciencedirect.com,Bigender,4.77.219.43
Tremain,tedeler5f@indiegogo.com,Male,175.168.180.149
Chrystel,cmccrachen5g@paginegialle.it,Female,227.33.137.118
Sibel,sbassam5h@dedecms.com,Female,17.28.209.121
Jordain,jcahani5i@google.co.jp,Female,70.132.131.122
Abbe,acorris5j@bravesites.com,Female,51.93.5.38
Ettie,ejansey5k@nifty.com,Female,170.63.187.46
Steven,spoutress5l@hugedomains.com,Male,63.93.139.227
Danielle,dshimon5m@wiley.com,Female,108.43.53.61
Maurie,mcrighton5n@webnode.com,Male,124.77.114.150
Dario,dharcombe5o@tripadvisor.com,Male,89.150.143.7
Willem,wwoodwing5p@wunderground.com,Male,65.228.94.35
Ofelia,oantoniutti5q@oracle.com,Female,71.22.167.142
Dulcie,dlackham5r@list-manage.com,Female,226.152.170.185
Celestia,cbassingham5s@mayoclinic.com,Female,77.97.100.79
Mead,mfinlason5t@aboutads.info,Male,124.40.26.81
Curcio,cmolyneux5u@discovery.com,Male,215.87.193.102
Saidee,sshulem5v@tumblr.com,Female,91.162.125.55
Claudio,clipson5w@fda.gov,Male,170.104.234.250
Anson,agentric5x@nhs.uk,Male,240.93.75.219
Chan,cgive5y@weebly.com,Male,56.228.163.197
Dione,dmolden5z@nps.gov,Female,187.35.106.232
Gisela,glooks60@buzzfeed.com,Bigender,20.25.130.41
Madella,mpotte61@latimes.com,Female,130.127.13.13
Laura,lduerden62@symantec.com,Female,59.163.24.209
May,mclymer63@addthis.com,Female,244.154.40.221
Chiquia,cmesant64@blogspot.com,Female,101.1.248.19
Reid,rhabron65@constantcontact.com,Male,236.215.163.126
Barbabas,brobel66@ezinearticles.com,Male,77.109.207.77
Abigale,apaulo67@wikispaces.com,Female,88.116.219.45
Justinian,jshirrell68@microsoft.com,Male,98.133.162.129
Pepillo,pcapelow69@google.cn,Male,88.241.28.229
Nathalia,ncansdale6a@mashable.com,Female,234.30.163.140
Helga,hcammiemile6b@addtoany.com,Non-binary,51.81.124.58
Gerik,gpimblett6c@newsvine.com,Male,1.17.92.177
Lissie,lfermer6d@senate.gov,Female,244.23.158.70
Cathrin,cwitchell6e@sina.com.cn,Female,251.225.42.78
Tricia,tdobing6f@eventbrite.com,Female,87.19.169.9
Sunshine,scarbett6g@sourceforge.net,Female,231.255.148.71
Jamie,jbahia6h@ihg.com,Male,208.74.65.69
Dorothea,dansley6i@uiuc.edu,Polygender,128.163.25.168
Katlin,kbircher6j@histats.com,Female,109.205.10.14
Myrtice,mlodevick6k@gov.uk,Female,217.102.246.99
Mickie,mdunton6l@wordpress.org,Male,171.209.204.57
Aleksandr,acampagne6m@wp.com,Genderqueer,127.63.226.141
Sullivan,smccaig6n@sina.com.cn,Male,135.94.196.12
Nanni,nkopman6o@webnode.com,Female,211.9.190.153
Tiertza,tlineham6p@issuu.com,Female,145.232.232.196
Othilia,okaine6q@digg.com,Female,30.229.2.2
Rhody,rravenscroft6r@mysql.com,Female,245.139.2.247
Saunders,scawdery6s@t-online.de,Male,239.10.178.165
Isabel,ivalde6t@surveymonkey.com,Female,213.50.75.59
Trumaine,tpennicott6u@admin.ch,Male,126.106.26.238
Artemis,akeating6v@wisc.edu,Male,144.251.102.62
Chas,cciraldo6w@ucsd.edu,Male,61.212.166.87
King,korrett6x@ovh.net,Genderfluid,137.40.206.18
Alaric,aroberds6y@quantcast.com,Male,97.63.99.209
Kassie,kbangiard6z@japanpost.jp,Female,50.215.195.204
Cornie,crumbold70@angelfire.com,Female,115.14.227.142
Reuben,rlakes71@tinypic.com,Male,44.52.4.193
Rene,rmacdowal72@barnesandnoble.com,Agender,47.1.88.189
Toinette,tgirauld73@spiegel.de,Female,187.162.111.197
Kenon,kskeggs74@paypal.com,Male,2.237.172.191
Haskel,hrosewarne75@oaic.gov.au,Male,25.86.103.143
Michel,mgrinikhin76@mayoclinic.com,Male,149.28.234.182
Janek,jlamperd77@telegraph.co.uk,Male,21.26.198.226
Maryjane,mmiebes78@gravatar.com,Non-binary,70.136.175.37
Dukey,dscurfield79@goo.gl,Male,164.119.204.62
Quinn,qferryn7a@arstechnica.com,Male,86.239.41.78
Renato,rallso7b@4shared.com,Male,196.206.209.143
Elsy,eforsyde7c@cnet.com,Female,22.210.142.233
Lise,loldridge7d@constantcontact.com,Female,10.85.96.217
Cathyleen,clittlemore7e@amazon.de,Female,141.235.232.15
Rourke,rprestidge7f@google.com.au,Male,51.82.99.247
Ben,bdowman7g@webs.com,Male,191.38.232.93
Annadiana,acullnean7h@comsenz.com,Female,158.120.114.48
Cloris,chintze7i@fastcompany.com,Female,24.192.179.69
Crosby,chanscom7j@ucla.edu,Male,246.119.243.114
Marlon,mtardiff7k@tripod.com,Male,44.198.4.182
Lita,lgarroway7l@instagram.com,Female,227.59.248.187
Chrisse,cverden7m@diigo.com,Male,186.108.81.210
Paten,pberard7n@nifty.com,Genderfluid,53.150.23.30
Dian,dobradain7o@ustream.tv,Female,133.61.120.172
Sheffy,svilla7p@nih.gov,Male,81.16.84.17
Rebeca,rhealing7q@51.la,Female,202.85.36.24
Shayne,smackill7r@answers.com,Polygender,233.22.154.181
Julieta,jdimitru7s@google.pl,Female,34.238.242.51
Teddi,tsoulsby7t@homestead.com,Female,107.10.68.108
Alphard,agoddman7u@cyberchimps.com,Male,207.42.1.251
Dorothee,dpegg7v@blogger.com,Female,32.117.8.129
Edee,ekingswoode7w@ameblo.jp,Female,56.8.169.105
Fritz,fyoseloff7x@nbcnews.com,Male,153.175.254.119
Calley,cboyfield7y@gnu.org,Female,169.229.124.143
Markos,mkrysztowczyk7z@nytimes.com,Male,132.23.66.220
Estele,eklauer80@washington.edu,Female,229.230.88.137
Mandy,mbaseggio81@intel.com,Female,42.77.50.213
Baillie,bmellem82@blog.com,Male,210.205.210.19
Minny,mhalliberton83@discuz.net,Female,61.72.242.191
Kaitlynn,kellsbury84@washingtonpost.com,Female,20.154.57.168
Nara,nrabl85@pcworld.com,Female,0.14.190.75
Bartlett,bledur86@npr.org,Male,18.23.59.81
Gilda,gbarczewski87@goo.gl,Female,231.14.77.135
Philippe,pledrane88@sourceforge.net,Female,159.180.6.153
Beck,bhalpen89@blogger.com,Male,119.232.206.187
Alasteir,alanchberry8a@virginia.edu,Bigender,204.51.33.156
Allie,acrutch8b@indiegogo.com,Female,183.252.64.231
Blondy,bharberer8c@howstuffworks.com,Female,47.162.29.19
Waly,whearne8d@auda.org.au,Female,156.221.63.167
Tobit,tredwing8e@prweb.com,Male,66.204.175.190
Biddie,bzanussii8f@independent.co.uk,Female,5.49.233.183
Francisca,fpowrie8g@pcworld.com,Female,28.82.150.182
Padgett,pgarm8h@livejournal.com,Male,203.164.32.53
Mike,mchaulk8i@craigslist.org,Male,105.177.119.81
Julian,jmillins8j@so-net.ne.jp,Male,135.53.156.133
Merrily,mmemmory8k@prnewswire.com,Female,181.144.222.23
Svend,slapre8l@sina.com.cn,Male,202.8.79.111
Gabriel,gmartynikhin8m@mysql.com,Non-binary,234.151.81.191
Clarey,crossborough8n@forbes.com,Female,167.212.237.93
Rubie,rdunphie8o@t-online.de,Female,210.46.60.144
Olive,olanahan8p@nytimes.com,Female,183.5.179.140
Valera,vmacdwyer8q@bloglovin.com,Non-binary,201.104.229.0
Marc,mtrussler8r@gnu.org,Male,110.100.43.141
Ardeen,afrankiewicz8s@disqus.com,Female,37.126.88.141
Nerty,nbaccup8t@google.com.au,Female,223.64.45.205
Fiann,fblaycock8u@bloglovin.com,Female,229.23.143.1
Donal,dgrishagin8v@who.int,Male,19.34.132.235
Lanae,lmcettigen8w@bandcamp.com,Female,201.53.126.71
Rudy,rwoolmore8x@usda.gov,Male,122.253.23.108
Leicester,lbuckle8y@canalblog.com,Male,88.45.249.173
Alexio,acaldroni8z@tinyurl.com,Male,183.237.227.194
Hardy,hgrievson90@slideshare.net,Male,137.192.32.21
Osmund,owittering91@gov.uk,Male,45.231.62.238
Jaquenette,jmassel92@blog.com,Female,165.220.253.15
Leah,lwoodwin93@hexun.com,Female,74.116.186.118
Windham,wcurrom94@noaa.gov,Male,251.103.156.231
Malena,mwillerson95@mediafire.com,Female,237.86.210.16
Steffen,smottram96@auda.org.au,Male,96.148.200.204
Cullan,cjewar97@geocities.com,Male,225.124.42.78
Lorianna,lschulze98@google.it,Female,180.141.12.175
Odo,ohellcat99@hud.gov,Male,210.239.102.144
Rosana,rbims9a@studiopress.com,Female,246.137.94.2
Brok,btreadgold9b@state.gov,Male,90.133.29.231
Randie,rsampey9c@sphinn.com,Male,132.208.214.101
Brent,bhesser9d@cnn.com,Male,158.104.159.126
Lea,llawie9e@i2i.jp,Female,64.133.198.125
Arlina,aravenscroftt9f@mozilla.org,Female,53.51.204.204
Casper,cmclenaghan9g@ehow.com,Male,204.169.188.82
Cary,cdunniom9h@elpais.com,Male,111.207.37.227
Kandace,kchilley9i@cbslocal.com,Female,170.185.123.253
Louie,lrosenboim9j@ftc.gov,Male,67.16.252.173
Kelly,kdymocke9k@zimbio.com,Female,222.174.42.230
Freddi,fpollie9l@soup.io,Female,158.40.161.15
Gray,gallinson9m@themeforest.net,Male,39.91.242.2
Isabella,iwarsap9n@whitehouse.gov,Female,249.235.124.179
Russell,rzucker9o@rakuten.co.jp,Male,63.224.248.88
Lyda,lhulke9p@xinhuanet.com,Female,38.220.99.7
Janetta,jdrayn9q@elpais.com,Female,5.66.175.188
Angelo,acoulling9r@issuu.com,Male,240.234.83.198
Anthony,acrysell9s@illinois.edu,Male,209.145.22.39
Shelden,scraigg9t@joomla.org,Male,140.142.246.17
Mac,mpossell9u@topsy.com,Male,173.125.4.67
Wilbur,wgemson9v@so-net.ne.jp,Male,36.98.177.180
Paddie,pzwicker9w@comcast.net,Male,158.184.10.175
Tracie,tnicholl9x@state.tx.us,Male,26.75.103.107
Pietra,ppretty9y@ox.ac.uk,Female,237.216.127.163
Babb,blett9z@addthis.com,Female,212.63.233.2
Christophorus,clascellesa0@feedburner.com,Male,168.162.4.108
Alfonse,akinnanea1@samsung.com,Male,224.122.142.120
Aldin,amccleana2@fema.gov,Non-binary,104.13.128.181
Ive,iaddicotea3@devhub.com,Polygender,166.235.204.54
Amargo,agoldhawka4@mediafire.com,Female,196.27.192.18
Elton,elhommeaua5@mashable.com,Male,160.255.110.64
Katine,kduna6@wunderground.com,Female,55.57.53.106
Alison,arooa7@slashdot.org,Female,27.173.140.157
Lauri,lseniora8@photobucket.com,Female,248.9.75.194
Tildy,teakeleya9@lulu.com,Polygender,9.142.204.254
Cassandry,cchristoffelsaa@irs.gov,Female,199.44.105.143
Rudolph,rmoringab@foxnews.com,Male,170.89.235.118
Etan,ejullac@seattletimes.com,Male,158.78.158.227
Wynne,wstickelad@paypal.com,Female,73.22.167.181
Rachelle,rtourae@devhub.com,Female,0.93.250.76
Ellwood,estovesaf@cnn.com,Male,9.25.132.211
Corliss,cderobertoag@yolasite.com,Female,137.151.14.255
Thorn,tmcgaughayah@lulu.com,Male,17.124.30.155
Cosetta,cgehrickeai@google.com.hk,Female,166.65.49.224
Concordia,cleopardaj@ihg.com,Genderqueer,196.225.157.24
Trace,tfilippelloak@scientificamerican.com,Male,30.192.94.9
Orsa,oardronal@amazon.co.jp,Female,213.57.223.51
Sebastien,sschultheissam@slashdot.org,Male,49.81.85.230
Shaw,sgrimsleyan@admin.ch,Male,15.125.144.11
Irv,inaullsao@un.org,Male,83.181.209.193
Maximilien,mcampanelleap@msn.com,Genderqueer,20.0.104.23
Skyler,salvaresaq@hugedomains.com,Male,164.13.46.246
Cody,cdomenichelliar@livejournal.com,Male,112.55.56.244
Rea,rformoyas@artisteer.com,Female,211.255.241.179
Leola,lkearsleyat@google.ru,Female,245.118.241.215
Alexandrina,ayarringtonau@addtoany.com,Polygender,72.228.47.128
Nonna,npoulettav@printfriendly.com,Female,180.186.136.38
Eileen,eriddeoughaw@a8.net,Female,62.86.88.74
Violante,vshearsax@topsy.com,Female,162.173.219.151
Cosmo,civoshinay@sfgate.com,Male,78.174.202.165
Rosella,rbauaz@arizona.edu,Female,86.0.1.250
Aridatha,apaulingb0@house.gov,Female,62.223.103.29
Elna,eblaesb1@scientificamerican.com,Female,73.132.69.24
Raven,rfullertonb2@ocn.ne.jp,Female,154.108.58.192
Loydie,lskelhornb3@nationalgeographic.com,Male,179.214.134.27
Marielle,mmurielb4@phpbb.com,Non-binary,206.190.131.176
Ysabel,ymcdavidb5@marriott.com,Female,151.8.223.74
Garv,gmcpikeb6@vimeo.com,Agender,58.204.207.133
Niko,nruckb7@shutterfly.com,Male,109.143.240.189
Milzie,mbenboughb8@businessinsider.com,Female,94.200.228.167
Benny,bthurlbourneb9@examiner.com,Male,50.165.119.46
Mathilda,mspennockba@marriott.com,Female,87.222.159.50
Darlene,dchokebb@answers.com,Female,24.166.21.207
Stirling,seburahbc@gov.uk,Male,212.250.66.6
Marylin,mstobiebd@cocolog-nifty.com,Female,239.208.247.69
Dominica,dgrubebe@creativecommons.org,Female,96.207.134.173
Silvie,smerittbf@sourceforge.net,Female,143.209.233.214
Rosemarie,rbaswallbg@weibo.com,Female,89.123.103.134
Tybalt,tbradnockbh@epa.gov,Male,95.53.174.9
Darby,dstylesbi@ibm.com,Male,160.197.234.92
Prince,ppentecostbj@nba.com,Male,237.52.72.3
Alikee,apaszekbk@hp.com,Female,4.147.112.159
Dolley,dcunliffebl@ask.com,Non-binary,58.248.242.42
Hunt,htrembathbm@livejournal.com,Male,173.6.230.34
Collete,cgallacherbn@free.fr,Female,61.93.203.23
Joellyn,jbrydiebo@archive.org,Female,233.57.143.145
Harriot,hstrankbp@mozilla.org,Female,36.187.118.25
Dmitri,dschultheissbq@discuz.net,Male,252.54.165.79
Tuckie,tbeisleybr@usda.gov,Male,93.158.27.102
Aldrich,acapelbs@artisteer.com,Male,190.171.221.0
Tobie,tlicciardellobt@cnn.com,Genderqueer,144.119.100.167
Winston,wsouthgatebu@ucoz.ru,Genderqueer,151.88.209.252
Iolande,idunbobinbv@wikispaces.com,Female,245.158.126.135
Tobye,tbradderbw@ox.ac.uk,Female,40.195.157.180
Elspeth,esnowmanbx@ucoz.com,Female,216.254.84.69
Jenelle,jszymoniby@mediafire.com,Female,148.100.215.145
Rebbecca,rlebretonbz@omniture.com,Female,210.228.184.212
Worthington,whillenc0@oaic.gov.au,Male,51.181.37.56
Stillman,spounsettc1@cnbc.com,Male,199.253.31.207
Micheal,mfossec2@soup.io,Male,52.127.118.202
Carney,claverickc3@nbcnews.com,Male,120.142.98.66
Price,ppeppardc4@irs.gov,Male,140.169.124.219
Rachel,rslaterc5@reference.com,Non-binary,217.195.163.158
Annice,abaldinottic6@sitemeter.com,Female,48.41.169.61
Trenton,tframptonc7@cbslocal.com,Male,85.249.61.155
Hanna,hnilesc8@oaic.gov.au,Female,134.51.100.84
Sky,smcgralec9@hud.gov,Male,14.236.7.66
Dee dee,dhogginsca@businesswire.com,Female,156.113.123.115
Tammi,tfentemcb@addtoany.com,Female,75.153.187.211
Demetris,dknappecc@cpanel.net,Female,208.221.58.70
Clayson,cwordsworthcd@cornell.edu,Male,149.168.106.19
Koralle,kmccuishce@com.com,Female,39.198.62.182
Ferdy,fbithanycf@google.ru,Male,198.210.248.29
Abby,amckernancg@mashable.com,Female,199.161.26.210
Adah,ahathwaych@wired.com,Female,133.173.234.135
Susannah,spontefractci@gizmodo.com,Female,108.220.206.85
Erin,ebesquecj@nyu.edu,Female,163.35.84.214
Bent,blanteck@slate.com,Male,117.20.184.132
Riordan,rgoorcl@addtoany.com,Male,97.118.162.187
Haven,hjankucm@nationalgeographic.com,Male,117.148.197.84
Bail,blippcn@squidoo.com,Male,99.197.143.149
Manuel,mkeganco@ocn.ne.jp,Male,193.154.60.221
Lowe,lhendencp@newsvine.com,Male,4.43.114.17
Ingmar,itripeancq@wufoo.com,Male,247.23.173.238
Maiga,mbackscr@sphinn.com,Female,199.169.137.28
Bonni,bportchcs@state.tx.us,Female,91.247.129.190
Kiele,kdarrachct@arizona.edu,Female,221.47.131.6
Hi,hchisholmcu@miibeian.gov.cn,Male,69.14.106.188
Paula,pmartijncv@skyrock.com,Female,109.57.136.18
Eb,emccambroiscw@abc.net.au,Male,212.37.41.222
Christy,cwapplescx@answers.com,Male,28.67.215.24
Antonino,ahellicarcy@goo.gl,Male,7.147.5.51
Clevey,cstreatcz@storify.com,Male,185.173.172.129
Tilda,tcamplend0@sogou.com,Female,57.128.124.52
Adelice,afeatherd1@blog.com,Female,255.25.174.129
Nataniel,nthackwrayd2@google.it,Genderqueer,104.222.166.36
Noach,nbloored3@godaddy.com,Male,80.139.38.180
Thorin,tbirbeckd4@ucoz.com,Male,125.137.85.78
Rodger,rgruszeckid5@discuz.net,Male,219.183.173.169
Elmira,eportisd6@redcross.org,Genderqueer,32.23.245.143
Tamra,tmarred7@prlog.org,Female,21.244.111.112
Debor,dtaggertyd8@adobe.com,Female,230.210.232.86
Rozalin,rtamplingd9@google.fr,Female,228.69.243.38
Romeo,rjamisonda@webeden.co.uk,Male,220.53.95.221
Brier,bdwerryhousedb@ebay.co.uk,Female,211.158.215.37
Elmira,eriggedc@buzzfeed.com,Genderqueer,100.159.139.168
Jackquelin,jscoatesdd@rambler.ru,Female,106.62.255.214
Roxanna,rlaybournede@google.de,Female,162.150.244.180
Lewie,lvannardf@mediafire.com,Male,226.120.11.110
Jakob,jhaiselldg@redcross.org,Male,121.146.49.142
Arda,aseifenmacherdh@1688.com,Female,36.199.141.119
Georgeanna,gblakelydi@theatlantic.com,Female,39.112.203.129
Gibb,gdachdj@tuttocitta.it,Male,220.115.129.203
Jayme,jprozillodk@mit.edu,Female,163.189.65.148
Blythe,bclaxtondl@blog.com,Female,143.61.141.98
Wang,wspiaggiadm@sitemeter.com,Male,207.69.21.27
Hayes,hterlindendn@japanpost.jp,Male,90.19.40.184
Lil,lsievewrightdo@businesswire.com,Female,2.61.21.107
Jarrett,jkrusedp@newyorker.com,Polygender,37.123.181.151
Merell,mperrellidq@microsoft.com,Male,250.87.215.151
Shawn,sgionettittidr@t.co,Female,65.214.130.142
Gay,gskoylesds@live.com,Male,160.139.85.188
Rosie,rdikledt@wp.com,Genderfluid,52.147.245.38
Kayle,kkilmarydu@flickr.com,Female,174.53.172.224
Powell,planferedv@wp.com,Male,41.40.230.122
Donovan,dciccottinidw@sphinn.com,Male,145.6.168.64
Mose,mgreenstreetdx@mit.edu,Male,40.112.12.90
Wendel,wkaysdy@kickstarter.com,Male,70.138.117.3
Babs,bdaveleydz@virginia.edu,Female,242.133.148.43
Adair,atownsende0@cafepress.com,Male,227.84.117.137
Hakim,htauntone1@alexa.com,Male,253.86.218.223
Otto,owoodruffee2@de.vu,Agender,170.53.146.198
Charmane,cpepine3@buzzfeed.com,Female,207.170.225.81
Gay,glorande4@dropbox.com,Male,172.234.194.106
Christean,ccomare5@sfgate.com,Female,23.186.5.157
Graehme,gtyzacke6@census.gov,Male,67.13.158.101
Winnie,wtycee7@symantec.com,Male,234.238.12.20
Kyle,kheijnee8@noaa.gov,Female,248.28.142.194
Mallory,mfallene9@bloglovin.com,Male,200.205.176.32
Theresita,tdobinsonea@timesonline.co.uk,Female,229.36.10.90
Sean,sparisseb@artisteer.com,Female,3.23.74.122
Shaw,shefferonec@yandex.ru,Male,200.8.249.94
Lavina,laxceled@bluehost.com,Female,107.118.26.72
Madlen,mbockmanee@weibo.com,Genderqueer,247.22.150.89
Zeb,zvanderspohref@apache.org,Male,12.213.2.50
Elisabeth,ehaulkhameg@ameblo.jp,Female,146.86.77.38
Gaby,gsharpereh@home.pl,Female,33.55.197.58
Mac,mjephsonei@va.gov,Male,242.28.228.182
Clare,cgalliardej@google.com.au,Genderqueer,11.175.75.177
Darnell,dpetrussiek@surveymonkey.com,Male,230.98.53.224
Paolina,pvanderkruisel@google.nl,Agender,169.173.55.232
Bee,bmerrileesem@hp.com,Female,235.233.80.241
Dave,dkarlsenen@xrea.com,Genderfluid,212.51.108.48
Jere,jmalzardeo@google.it,Male,90.82.171.100
Tulley,tgarbettep@quantcast.com,Male,53.63.101.186
Simon,sskineq@state.tx.us,Male,217.153.101.255
Fredek,fbletcherer@sbwire.com,Male,181.26.86.224
Suzanna,sjeppersones@imdb.com,Female,111.33.48.228
Andre,askuneet@liveinternet.ru,Male,92.181.178.172
Aldin,amaccumiskeyeu@statcounter.com,Male,210.172.177.127
Bianka,bgoulbournev@topsy.com,Female,142.175.38.80
Cobby,cogelsbyew@cargocollective.com,Male,217.157.129.161
Cammy,crabatex@privacy.gov.au,Agender,215.179.134.69
Mason,mskelcherey@elpais.com,Male,68.83.67.164
Sharron,sstatersfieldez@ted.com,Female,209.221.234.6
Letty,ljickellsf0@ycombinator.com,Female,200.62.2.62
Baudoin,bhammelbergf1@weibo.com,Male,164.114.117.56
Alissa,acorringtonf2@mashable.com,Agender,14.157.206.87
Brander,bcuerdalef3@economist.com,Male,220.102.50.207
Lorenza,ldonhardtf4@hp.com,Female,137.68.129.179
Nana,nabramskif5@usgs.gov,Female,200.250.124.71
Lidia,lhemphillf6@google.com,Female,221.254.251.197
Arnie,alaurencotf7@qq.com,Male,106.85.171.250
Shandeigh,sacresf8@homestead.com,Female,219.39.104.39
Daryl,dglisanef9@indiatimes.com,Agender,201.112.37.223
Faythe,fcumberfa@aboutads.info,Female,106.232.236.136
Juliana,jyekelfb@1688.com,Female,170.232.45.117
Domeniga,dhundellfc@europa.eu,Female,67.212.195.13
Dian,dvasyunichevfd@imageshack.us,Female,120.98.125.174
Thornton,tpellettfe@earthlink.net,Male,41.100.119.160
Andrus,arissomff@fda.gov,Male,48.240.49.75
Miller,mweabenfg@google.co.jp,Male,202.73.17.118
Raddie,rstemsonfh@umich.edu,Male,9.90.221.218
Trip,tcindereyfi@zimbio.com,Male,245.234.215.229
Cindelyn,camyfj@nps.gov,Agender,7.114.72.108
Betsey,bdurbridgefk@yellowbook.com,Female,105.54.65.227
Rosemonde,rmatlockfl@buzzfeed.com,Female,191.240.217.246
Bat,bgiacobofm@state.tx.us,Male,34.44.166.103
Mario,mlazarfn@github.io,Male,254.238.49.126
Mortimer,mnyssenfo@1688.com,Male,177.8.87.65
Sol,sbaltzarfp@bloglovin.com,Male,24.187.250.31
Marcel,mdunnetfq@google.fr,Male,64.156.192.64
Dorthea,dwoodhousefr@patch.com,Female,226.213.204.106
Dari,dnellisfs@devhub.com,Female,14.220.48.33
Gun,ggransdenft@earthlink.net,Bigender,158.78.104.120
Theodore,tbuddenfu@ox.ac.uk,Male,146.47.208.133
Mile,mweildfv@eepurl.com,Male,19.8.22.166
Donavon,dflatmanfw@cbsnews.com,Male,184.55.252.68
Marietta,mcamamilefx@house.gov,Male,58.24.200.120
Nilson,nvogelerfy@vk.com,Male,147.193.176.170
Roseanne,rboultwoodfz@forbes.com,Female,244.7.160.174
Vivianna,vfedorchenkog0@surveymonkey.com,Female,31.180.12.202
Amandi,aottog1@wired.com,Female,179.129.191.248
Sheffie,smackettg2@ucoz.ru,Male,111.109.179.55
Harrison,hbielfeltg3@census.gov,Male,156.139.17.119
Olympie,ometzigg4@house.gov,Agender,179.231.227.143
Carmel,cfurzeg5@nationalgeographic.com,Female,217.37.91.135
Darren,dranvoiseg6@example.com,Male,59.39.127.29
Dulcinea,dabelag7@cisco.com,Agender,53.44.250.61
Isidor,iblaydesg8@arizona.edu,Male,172.235.9.86
Lee,lcolbourneg9@kickstarter.com,Female,117.76.12.4
Joyann,jcopnarga@huffingtonpost.com,Female,210.212.9.46
Margaretta,mpengilleygb@com.com,Female,41.95.61.109
Tanitansy,tswindongc@dagondesign.com,Agender,31.51.170.250
Deane,dpookegd@dropbox.com,Female,149.98.131.235
Marc,mpaffordge@tinyurl.com,Male,144.85.198.7
Skye,ssavidgegf@github.io,Male,176.128.76.196
Haley,hpfiffergg@adobe.com,Female,170.243.106.146
Shayla,stomasikgh@sbwire.com,Female,198.123.219.207
Sileas,shustergi@blogtalkradio.com,Female,107.154.112.43
Webb,wscaplehorngj@wix.com,Male,86.90.97.251
Della,dgordgegk@is.gd,Agender,183.234.247.159
Julietta,jculloteygl@epa.gov,Female,47.117.70.40
Katrina,kgatchgm@amazon.co.uk,Female,8.37.52.144
Alexio,abrandlegn@yahoo.com,Male,80.91.123.252
Debbie,dmickleboroughgo@imdb.com,Female,152.145.145.85
Larine,lblakistongp@dropbox.com,Female,210.48.88.104
Angelita,agulygq@dyndns.org,Female,119.237.20.197
Celina,clidgelygr@paginegialle.it,Female,233.40.20.250
Brooke,bcoalgs@yelp.com,Male,207.7.95.149
Simeon,slayinggt@ameblo.jp,Male,111.42.119.38
Benson,bworboygu@hud.gov,Genderfluid,140.223.10.133
Amabelle,ajunkisongv@1und1.de,Female,210.77.168.107
Emilie,eiornsgw@mysql.com,Female,192.83.47.44
Griselda,gpategx@hugedomains.com,Female,25.231.156.21
Cristie,ccoitegy@pen.io,Female,188.214.246.2
Nicolea,ntrattlesgz@unc.edu,Female,179.226.102.170
Hastie,hcarleth0@ustream.tv,Male,153.83.150.18
Kathryne,kbosleyh1@dmoz.org,Female,95.123.48.6
Correy,ccoulthardh2@facebook.com,Female,130.165.104.243
Ring,rshotbolth3@nhs.uk,Male,101.180.22.97
Bernie,bstotth4@skyrock.com,Male,150.176.252.188
Enid,etaddh5@statcounter.com,Female,217.112.207.246
Kare,kargraveh6@hubpages.com,Female,9.103.96.85
Arlin,apoulsenh7@irs.gov,Male,5.78.157.136
Nelie,nciepluchh8@oracle.com,Female,33.137.11.127
Elton,ewileyh9@cpanel.net,Non-binary,236.89.174.56
Mychal,mbonseyha@alexa.com,Male,164.37.7.121
Jesselyn,jmorranthb@rambler.ru,Female,177.49.231.240
Wake,wbenezehc@mlb.com,Male,68.43.215.124
Gardener,gemmanuelihd@buzzfeed.com,Male,102.177.74.24
Corrina,cparramorehe@msn.com,Female,116.254.190.58
Myrle,mfriddhf@blinklist.com,Female,227.137.47.182
Haslett,hfranceschhg@answers.com,Genderqueer,127.70.19.21
Nichole,npaulitschkehh@ucla.edu,Female,51.161.74.115
Ches,cmaccawleyhi@redcross.org,Male,210.225.123.84
Keven,kduddenhj@homestead.com,Male,251.65.17.130
Roobbie,rbarwackhk@china.com.cn,Female,163.146.52.96
Tawnya,tsalernohl@fastcompany.com,Female,113.100.75.152
Fae,fcashfordhm@jigsy.com,Female,232.232.156.177
Earle,eungerechtshn@jimdo.com,Male,41.93.45.26
Jeffie,jlyddonho@utexas.edu,Male,60.12.85.220
Ryon,rdeanesyhp@yale.edu,Male,0.132.86.211
Cami,ccasletthq@wikimedia.org,Female,189.166.172.18
Timoteo,tboickhr@people.com.cn,Male,103.184.100.178
Kale,kasberyhs@hostgator.com,Male,159.83.19.34
Rab,rbeardsht@deviantart.com,Male,147.42.61.168
Peder,proakeshu@geocities.com,Male,24.118.146.114
Myrlene,mdennetthv@dedecms.com,Female,248.42.154.99
Bayard,bheijnehw@gmpg.org,Male,48.3.103.130
Roobbie,rantoniakhx@sakura.ne.jp,Female,76.134.163.135
Veronique,vjanauschekhy@redcross.org,Female,115.126.207.230
Gerrie,gdrydalehz@hibu.com,Female,56.60.71.139
Emelina,ebarrandi0@apache.org,Female,142.156.117.109
Efren,emcnirlini1@hostgator.com,Male,119.55.222.131
Meggi,msparkei2@youtu.be,Female,1.168.8.222
Dame,dpresshaughi3@geocities.com,Male,98.128.140.164
Louisette,lfourmani4@ustream.tv,Female,16.150.97.26
Barbabra,bmcgeei5@hostgator.com,Female,226.11.137.135
Terence,todohertyi6@blogspot.com,Male,230.49.234.34
Julian,jgodoni7@skyrock.com,Agender,38.173.87.183
Dolli,dchaffeyi8@t.co,Female,215.227.105.135
Nichols,nburkilli9@nytimes.com,Male,91.250.185.31
Jervis,jestrellaia@paginegialle.it,Male,117.82.8.184
Melly,mpaternoib@youku.com,Female,114.207.238.214
Flo,fmakeyic@altervista.org,Female,4.250.145.247
Gar,gbullantid@youtu.be,Genderfluid,132.207.24.165
Eartha,eohoeyie@washington.edu,Female,175.169.154.31
Ray,rfrydif@uiuc.edu,Male,217.247.49.46
Berkeley,bgoutcherig@hatena.ne.jp,Male,113.165.182.155
Jerad,jhalladeyih@elegantthemes.com,Male,178.15.54.191
Goldie,gdivillii@cnn.com,Female,108.19.61.13
Adelaida,astorrsij@uol.com.br,Female,52.167.37.157
Mireielle,mswindleik@twitpic.com,Genderqueer,191.231.74.255
Susana,sloutheil@usda.gov,Female,31.91.35.194
Hadlee,hcaffim@hexun.com,Male,31.215.68.116
Paddy,psowleyin@opera.com,Male,165.149.186.171
Sarah,scullingworthio@joomla.org,Female,41.5.68.239
Kira,kbennoughip@mediafire.com,Female,50.206.32.96
Hercule,hhowdeniq@unblog.fr,Male,211.85.219.73
Henrik,hoakinfoldir@pbs.org,Male,93.236.177.51
Lamar,lsuddabyis@google.es,Male,22.84.90.101
Whitney,wfishbieit@gnu.org,Genderfluid,18.4.43.138
Nicolea,nadolthineiu@pbs.org,Female,254.50.9.187
Graehme,gtapplyiv@mlb.com,Male,136.47.38.30
Brendon,bratnageiw@dailymotion.com,Male,118.170.224.105
Bobbie,bosherrinix@archive.org,Female,112.55.97.243
Keenan,kastelliy@livejournal.com,Male,112.180.139.159
Loralie,lpidgeoniz@istockphoto.com,Female,132.63.169.33
Essa,efieldingj0@people.com.cn,Female,156.152.89.85
Elvin,eceresaj1@issuu.com,Male,167.128.129.231
Peggy,pallberryj2@nymag.com,Non-binary,173.2.114.220
Raymund,rnorthwayj3@cdbaby.com,Polygender,110.107.217.3
Drud,dcoplestonej4@quantcast.com,Male,112.31.28.249
Mack,mpundj5@google.co.jp,Male,143.38.2.31
Benedict,bwilbrahamj6@free.fr,Non-binary,211.114.23.198
Ilario,ispykinsj7@wiley.com,Male,72.67.139.181
William,wruggsj8@tinyurl.com,Male,241.30.19.91
Gardiner,gevesj9@nytimes.com,Male,207.156.130.227
Northrop,nstroderja@slate.com,Male,5.34.231.202
Toby,tdowmanjb@bluehost.com,Non-binary,123.187.7.104
Nara,nbintonjc@house.gov,Female,30.245.202.11
Magdalena,msherajd@cisco.com,Female,52.140.84.150
Yehudi,yrawlcliffeje@t.co,Male,31.61.252.237
Katerine,kcantwelljf@t-online.de,Female,34.63.69.251
Carmina,cpartnerjg@google.ru,Female,22.209.12.0
Adolphe,acauserjh@google.co.uk,Male,183.196.119.146
North,ndeversonji@msn.com,Male,19.201.146.21
Ora,oscadjj@ustream.tv,Female,25.180.105.142
Ignaz,iblazejewskijk@t-online.de,Male,192.115.121.128
Alta,areadshalljl@issuu.com,Female,82.205.218.175
Rochell,rgottjm@dot.gov,Female,0.39.36.255
Yolanthe,yvinerjn@imdb.com,Female,255.186.32.246
Ennis,etrudgeonjo@naver.com,Male,145.233.241.1
Daveen,draundjp@photobucket.com,Female,101.190.47.130
Deloria,dascroftjq@aol.com,Female,32.219.111.83
Joanne,jcapponerjr@amazon.co.jp,Female,159.135.207.44
Nelie,ncasettajs@a8.net,Female,85.100.117.205
Bobine,bjanickijt@boston.com,Female,147.69.23.115
Gustav,gcasserleyju@ameblo.jp,Male,14.203.88.205
Rutger,rtreadgearjv@independent.co.uk,Male,111.120.31.74
Barry,bdillintonjw@csmonitor.com,Female,156.45.150.102
Pammi,phulattjx@ted.com,Bigender,73.132.153.246
Michail,mwilsonejy@eventbrite.com,Male,12.224.166.202
Tull,tkobjz@hao123.com,Male,2.249.161.70
Emmott,eraingerk0@hibu.com,Male,44.211.128.248
Dexter,dsproulsk1@ox.ac.uk,Male,45.54.235.35
Wilbur,wmackinnonk2@washington.edu,Male,29.29.105.59
Ed,eswetenhamk3@cbslocal.com,Male,95.189.87.181
Berta,bgrecek4@cmu.edu,Female,227.128.210.207
Helyn,hhaughtonk5@prweb.com,Female,186.188.163.4
Paige,pelloyk6@wiley.com,Polygender,49.43.212.180
Yurik,ylaxtonk7@macromedia.com,Male,106.45.66.112
Raquela,rosgark8@usa.gov,Female,159.42.68.232
Timmy,ttoffalonik9@princeton.edu,Female,237.34.121.220
Krishna,kbrimmingka@networkadvertising.org,Male,192.222.12.90
Barth,bscanterburykb@globo.com,Male,234.115.53.130
Anna-diana,abrownellkc@ed.gov,Female,64.59.117.241
Luke,lmcardlekd@yandex.ru,Male,117.241.167.74
Hettie,hhearnske@stanford.edu,Female,255.22.118.200
Yul,ypharrowkf@jiathis.com,Male,89.34.241.194
Ronny,rkenningtonkg@ezinearticles.com,Male,68.14.117.208
Lorena,lphilpotskh@istockphoto.com,Female,218.1.13.97
Bunny,bglozmanki@constantcontact.com,Female,148.67.176.15
Fina,fprewkj@google.cn,Female,86.193.13.174
Waneta,welsleykk@pbs.org,Female,50.91.73.77
Micheal,mbubbearkl@e-recht24.de,Male,238.31.38.220
Salome,sminguskm@geocities.jp,Female,78.235.253.110
Kirstin,keskriettkn@aol.com,Female,18.101.213.79
Florence,fmolineko@npr.org,Female,236.57.106.224
Rozalie,rvigerkp@globo.com,Female,163.136.5.206
Morgan,molenchenkokq@weebly.com,Female,34.184.231.136
Angel,amccluinkr@ihg.com,Female,25.234.69.146
Wilma,wperelliks@gnu.org,Polygender,0.179.39.0
Pamelina,pberkelaykt@goodreads.com,Female,206.45.202.227
Gallard,gstorreku@yandex.ru,Male,238.232.187.101
Rosella,rcupperkv@xinhuanet.com,Female,97.2.188.60
Brodie,btripettkw@acquirethisname.com,Polygender,27.0.109.204
Samara,sadnekx@tumblr.com,Female,204.86.151.72
Noble,ndarkinky@ibm.com,Male,106.169.74.126
Viole,vcobleighkz@buzzfeed.com,Female,121.203.105.111
Grace,gbresmanl0@nps.gov,Male,29.191.39.107
Elisabetta,eleghl1@forbes.com,Female,94.174.197.213
Bliss,bcargol2@tripadvisor.com,Female,215.110.63.66
Hubie,hsouterl3@answers.com,Male,132.194.181.163
Tamra,tbaptiel4@godaddy.com,Female,6.242.60.185
Rebeka,rmellonbyl5@youtu.be,Female,56.181.62.112
Holmes,hhowlingl6@oracle.com,Male,212.253.213.93
Delainey,dfetherstonhaughl7@go.com,Male,20.40.65.65
Colan,cfudgerl8@bloomberg.com,Male,238.169.113.83
Elwin,edomnineyl9@comsenz.com,Male,33.167.182.45
Onida,owhaitesla@blogtalkradio.com,Non-binary,64.1.13.61
Beckie,bstockhilllb@eventbrite.com,Female,44.165.58.22
Jerry,jcapslc@europa.eu,Female,23.80.190.75
Eugen,eroyld@studiopress.com,Male,223.23.37.112
Pattie,pchetterle@google.ca,Female,190.70.136.21
Garreth,gjurkowskilf@mail.ru,Male,150.209.137.56
Paulita,pstienhamlg@dagondesign.com,Female,251.4.135.66
Sarette,sskeelslh@cisco.com,Agender,155.108.142.46
Tisha,tmccroftli@google.ru,Female,132.175.191.76
Sigismondo,swarbricklj@smh.com.au,Genderqueer,78.149.149.74
Lori,lguinanelk@ucla.edu,Female,154.33.43.53
Drugi,dmargerisonll@is.gd,Male,242.205.115.151
Liv,lholdinlm@mozilla.org,Female,109.244.79.27
Lorry,lplewesln@elegantthemes.com,Female,19.171.214.140
Dov,dhartnelllo@lulu.com,Male,46.54.120.65
Jessy,jellamlp@prlog.org,Female,126.170.246.236
Hobey,hatchlylq@wikispaces.com,Male,97.139.246.218
Micheline,mdarkolr@businessweek.com,Genderfluid,37.34.195.126
Arin,akolodziejskils@surveymonkey.com,Non-binary,13.97.84.49
Fifine,fdriffieldlt@blog.com,Female,9.13.199.104
Bird,bmcquarterlu@tumblr.com,Female,95.117.139.133
Jesse,jmacnaughtonlv@netscape.com,Female,96.33.178.103
Aluin,amcelweelw@skyrock.com,Male,77.168.145.189
Sandye,settridgelx@github.com,Female,21.47.4.207
Baudoin,bgallaherly@macromedia.com,Male,109.109.48.242
Parsifal,pcotsfordlz@bandcamp.com,Male,203.13.196.134
Dari,ddungem0@home.pl,Bigender,114.105.188.29
Saxon,shegdenm1@live.com,Male,201.244.244.36
Wylie,wdeyem2@bbc.co.uk,Male,178.46.26.47
Mahmud,mrobsonm3@pcworld.com,Male,76.57.199.143
Thayne,twybronm4@illinois.edu,Male,24.48.9.2
Enrique,emorriesonm5@china.com.cn,Male,254.132.6.62
Seamus,sradclyffem6@webeden.co.uk,Male,220.188.240.114
Lindon,lbastonem7@plala.or.jp,Male,70.84.173.108
Thelma,tfylanm8@booking.com,Female,192.98.163.55
Maxwell,mchristolm9@facebook.com,Male,103.30.229.135
Winifield,wmercikma@buzzfeed.com,Male,202.183.64.205
Aurea,ahuffmb@google.es,Female,96.58.56.137
Thomasine,tdibartolommeomc@unc.edu,Female,95.10.6.193
Leann,lkiddsmd@geocities.com,Female,119.156.187.0
Evan,ekulvearme@about.com,Male,164.145.155.218
Kristen,kedgsonmf@tmall.com,Female,142.52.97.164
Richart,rcollocottmg@list-manage.com,Male,97.238.229.242
Carlie,cpestellmh@sun.com,Male,223.148.181.198
Jyoti,jtraisemi@latimes.com,Female,199.43.202.23
Bartholemy,bratterymj@bbb.org,Male,122.66.214.31
Farlie,fogbournemk@sphinn.com,Male,130.175.240.4
Tulley,tvosseml@utexas.edu,Male,7.18.219.98
Milena,mleighfieldmm@nasa.gov,Female,137.189.70.200
Ingunna,ilabbemn@cbsnews.com,Female,217.37.211.227
Valentine,vmarrowmo@spotify.com,Female,199.3.96.133
Carolynn,cladbrookemp@biglobe.ne.jp,Female,66.241.109.99
Mandie,mshaymq@123-reg.co.uk,Female,175.192.253.182
Ely,eclaricoatsmr@usgs.gov,Male,92.32.102.154
Bendick,bmeeginms@sourceforge.net,Male,121.237.62.70
Mariquilla,mwithammt@twitpic.com,Female,103.44.25.33
Giacobo,ggecksmu@usnews.com,Male,152.75.46.147
Calli,cjeyesmv@salon.com,Female,223.137.137.213
Joceline,judellmw@house.gov,Female,21.220.76.49
Mia,mchomickimx@yale.edu,Bigender,202.234.113.58
Raul,rbetancourtmy@bloglines.com,Male,15.112.169.81
Louie,lbodleymz@sfgate.com,Male,218.158.91.139
Alethea,agatissn0@behance.net,Female,129.99.24.188
Ynez,ymorrittn1@springer.com,Genderqueer,141.15.180.1
Alessandro,acarroln2@prnewswire.com,Male,142.138.163.88
Colby,cghidinin3@vk.com,Male,78.166.0.154
Katheryn,kmayesn4@auda.org.au,Female,113.193.246.166
Doloritas,dnorthalln5@blog.com,Female,203.9.88.131
Clovis,crudalln6@infoseek.co.jp,Female,250.191.161.1
Fulton,flanehamn7@weather.com,Male,220.58.96.123
Arte,afrankeman8@senate.gov,Male,188.139.46.144
Urson,ushillingfordn9@tuttocitta.it,Male,49.222.120.131
Geoffry,gmidgleyna@toplist.cz,Male,125.22.95.44
Sydney,sjeschnernb@skyrock.com,Female,241.56.66.84
Elianore,emalthousenc@wufoo.com,Agender,177.182.92.41
Kelcey,kcaddynd@springer.com,Genderqueer,171.119.129.107
Alair,aritsonne@biglobe.ne.jp,Male,250.149.9.83
Ianthe,istortonnf@google.com.au,Female,175.230.44.3
Martainn,mlaterzang@wikipedia.org,Male,180.60.223.225
Lynn,larronh@statcounter.com,Female,96.78.41.14
Ula,uomandni@ca.gov,Female,195.205.85.14
Abbot,akirkpatricknj@scribd.com,Male,162.86.12.97
Frederigo,fswantonnk@vinaora.com,Male,79.66.229.221
Smith,sskilbecknl@cpanel.net,Male,166.79.126.190
Putnem,pcaigernm@wp.com,Male,57.4.35.9
Gusta,gstrowlgernn@vinaora.com,Female,65.106.127.61
Iris,ishovlarno@hubpages.com,Female,254.246.170.219
Klement,kstubbenp@pinterest.com,Male,30.227.161.156
Rozele,rmallindinenq@hubpages.com,Genderfluid,82.93.246.95
Analiese,aseverynr@army.mil,Female,118.113.116.125
Lizabeth,lmayheadns@flavors.me,Non-binary,159.65.56.164
Isabelle,ilyburnnt@indiatimes.com,Female,120.36.52.205
Britta,boattesnu@amazon.co.uk,Female,142.167.170.60
Colly,csandcroftnv@uol.com.br,Female,138.20.212.14
Cristin,cmaffiolettinw@tuttocitta.it,Female,76.74.131.112
Berne,bpetticrewnx@gmpg.org,Male,226.110.139.93
Keenan,kgilchristny@digg.com,Male,183.103.132.172
Angus,abrodestnz@webmd.com,Male,56.124.237.98
Justis,jedesono0@utexas.edu,Male,134.74.125.118
Carmelita,ctythacotto1@toplist.cz,Female,177.52.214.153
Lothaire,lwickeso2@squidoo.com,Male,217.25.253.214
Giovanni,gtyceo3@miitbeian.gov.cn,Male,118.153.37.29
Winthrop,wdumphreyso4@squarespace.com,Male,43.147.185.87
Archy,adubbleo5@timesonline.co.uk,Male,195.17.87.30
Abbie,abigadikeo6@dmoz.org,Male,166.23.0.41
Flo,fgarrettso7@epa.gov,Female,175.70.43.151
Lazaro,lclearieo8@cargocollective.com,Male,27.108.236.72
Muffin,mpasterfieldo9@sun.com,Female,156.10.155.162
Quinn,qserraillieroa@yellowbook.com,Male,177.80.32.126
Odille,oskoggingsob@123-reg.co.uk,Female,87.82.22.1
Cleon,cdominellioc@google.co.uk,Male,207.67.148.51
Audrey,achatenetod@yandex.ru,Female,44.208.30.182
Michaelina,mgriegeroe@jimdo.com,Female,196.59.106.219
Fonzie,fblenkinsopof@rakuten.co.jp,Male,74.160.64.160
Isaiah,ipratenog@hubpages.com,Male,192.78.112.91
Timmy,tgregoracioh@nps.gov,Female,62.39.28.7
Drugi,dharringtonoi@ustream.tv,Male,245.219.234.57
Northrup,natkirkoj@usda.gov,Male,63.45.124.172
Jard,jrushbyok@java.com,Male,80.173.236.247
Gasparo,ghuskinsonol@europa.eu,Male,176.221.40.163
Magnum,mliddleom@sogou.com,Male,80.80.68.85
Bailie,bbertwistleon@china.com.cn,Male,31.108.37.227
Karena,kcrankshawoo@blogspot.com,Female,111.128.113.68
Barney,bbucklerop@studiopress.com,Male,161.22.218.199
Halimeda,haloshechkinoq@theglobeandmail.com,Female,186.51.66.168
Ermengarde,egaffonor@nature.com,Female,202.62.218.18
Leese,ldyteos@uol.com.br,Female,118.10.139.169
Amerigo,afinkleot@tumblr.com,Male,203.90.17.15
Jenn,jpippinou@amazon.com,Female,23.90.78.183
Hartley,hlyvenov@wordpress.com,Male,214.206.150.255
Shellysheldon,stownsleyow@cloudflare.com,Male,93.117.143.31
Felecia,fpatleyox@columbia.edu,Female,8.11.88.111
Manolo,mcleareoy@theguardian.com,Male,251.55.138.231
Pablo,pinsolloz@yellowbook.com,Male,31.58.42.156
Paulo,pmuttittp0@reddit.com,Male,42.77.141.102
Billy,bfouldsp1@digg.com,Male,83.248.138.104
Gualterio,gedbrookep2@odnoklassniki.ru,Male,169.176.15.209
Nickola,njosefp3@surveymonkey.com,Male,180.95.103.196
Agnola,abowlesworthp4@craigslist.org,Female,229.88.16.92
Eugene,elambillionp5@histats.com,Male,104.252.46.28
Sheena,smorphetp6@marketwatch.com,Female,208.181.250.2
Kaleb,kdewingp7@arstechnica.com,Male,169.2.57.219
Hermon,hhammelbergp8@timesonline.co.uk,Male,193.227.251.128
Sigfried,solennikovp9@spiegel.de,Male,168.55.253.121
Cyndia,chendrixpa@jiathis.com,Female,186.243.132.206
Abra,abradlaughpb@economist.com,Female,220.86.176.78
Lela,llansburypc@vimeo.com,Female,191.185.117.253
Lucy,lvosperpd@is.gd,Female,81.114.224.161
Hallie,hdomotorpe@amazonaws.com,Female,228.149.181.122
Claiborn,cescotpf@wikipedia.org,Male,183.57.167.127
Debbie,dsockellpg@umn.edu,Female,203.68.57.122
Ricky,robyph@cnn.com,Female,31.118.17.144
Pandora,pchingedehalspi@whitehouse.gov,Female,146.78.86.127
Tove,tdypj@cnbc.com,Female,84.70.195.71
Burl,bstampepk@xing.com,Male,234.127.213.196
Toma,tackredpl@sciencedirect.com,Female,160.93.207.174
Nanete,nalbertspm@deviantart.com,Genderfluid,71.5.129.150
Damon,dlorriepn@craigslist.org,Male,255.188.80.178
Hana,hvandenhoffpo@taobao.com,Polygender,179.38.170.97
Maure,mditzelpp@4shared.com,Agender,176.6.26.243
Elden,edonkersleypq@japanpost.jp,Male,34.148.195.37
Dav,dlatourpr@webmd.com,Male,190.224.108.165
Jacky,jriccardops@altervista.org,Female,130.78.255.0
Marguerite,mhatrickpt@blogspot.com,Female,155.89.167.142
Gerrie,gsammutpu@com.com,Female,41.62.189.207
Lorrin,lmcevillypv@paginegialle.it,Female,244.71.127.104
Benedicto,bknightsbridgepw@pinterest.com,Male,86.15.221.192
Annice,atidcombpx@de.vu,Female,96.1.191.149
Chris,cducastelpy@angelfire.com,Female,98.99.49.144
Saul,sbywaterspz@scribd.com,Male,153.135.141.213
Dix,dcavillaq0@stanford.edu,Female,99.102.40.252
Julita,jcorzorq1@intel.com,Female,230.135.106.218
Hayyim,hzecchettiq2@blogs.com,Male,250.180.83.90
Cathe,cdelbergueq3@addtoany.com,Female,50.97.99.92
Ania,aadamikq4@apache.org,Female,72.81.116.216
Gabi,gbrugmannq5@simplemachines.org,Male,127.98.146.211
Amata,apesselq6@addtoany.com,Female,195.142.246.74
Hyacintha,herreyq7@redcross.org,Female,173.7.223.67
Gauthier,goatenq8@npr.org,Male,228.198.244.53
Alys,aolekq9@ebay.com,Female,138.115.23.65
Carroll,cblasiusqa@msn.com,Male,35.56.48.65
Alic,abellissqb@dot.gov,Male,0.220.105.172
Hamid,hfranzettoiniqc@delicious.com,Male,47.242.195.197
Glenn,gziemqd@dropbox.com,Male,119.214.41.235
Audrey,ablakelyqe@oakley.com,Female,1.25.45.73
Paule,pdorrqf@prlog.org,Female,180.210.178.117
Gretna,gkindellqg@blogtalkradio.com,Genderqueer,72.20.110.239
Vivienne,vhaxellqh@istockphoto.com,Female,227.225.219.118
Neda,nbeazleighqi@elegantthemes.com,Female,51.247.249.168
Wini,wraigattqj@dailymotion.com,Female,114.41.41.237
Sigismund,sladeqk@ucoz.com,Male,247.18.171.161
Charlena,ctomaselloql@hhs.gov,Female,7.72.3.191
Georges,grenwickqm@sakura.ne.jp,Male,206.72.153.29
Lilith,ltimsonqn@ihg.com,Female,155.112.1.152
Dael,daleksandrikinqo@dedecms.com,Female,30.124.32.203
Roley,rmarrisonqp@wordpress.org,Male,15.203.196.248
Wandie,wreijmersqq@163.com,Female,36.236.8.165
Sheelagh,sclimoqr@slideshare.net,Female,153.61.87.87
Alric,afranzewitchqs@mac.com,Male,176.11.200.109
Kristyn,kheindrichqt@prlog.org,Bigender,147.88.70.221
Agnola,acorrisonqu@storify.com,Female,148.31.138.205
Cayla,cwrightamqv@irs.gov,Female,209.94.110.107
Dulcy,dnoteqw@topsy.com,Female,24.146.114.184
Aeriela,aesomqx@infoseek.co.jp,Female,49.156.168.93
Demetre,davraamqy@mapy.cz,Male,154.147.21.20
Sheeree,stroppmannqz@ca.gov,Female,39.138.176.120
Keith,kstummeyerr0@census.gov,Male,49.63.113.220
Gil,gwinkellr1@dion.ne.jp,Male,246.192.5.230
Mervin,mformr2@mapquest.com,Male,106.106.18.222
Cherey,cfranzmanr3@usatoday.com,Female,130.132.35.20
Timmie,tseckomr4@hubpages.com,Female,76.31.38.174
Marlene,mkryskar5@weebly.com,Female,150.249.32.165
Denise,dmcpaker6@hatena.ne.jp,Female,132.55.63.13
Trista,tbeavesr7@reference.com,Female,210.102.112.195
Ginny,gmoliner8@yelp.com,Female,189.4.125.119
Billie,bpowleyr9@google.es,Female,240.127.12.116
Giraldo,gcongravera@dagondesign.com,Male,178.246.117.147
Pet,pchallenerrb@skyrock.com,Female,177.222.59.2
Stevana,sgannrc@google.com.au,Genderfluid,226.132.15.66
Ulrica,upagetrd@elpais.com,Female,10.160.148.121
Mauricio,mdoramre@so-net.ne.jp,Male,33.227.150.128
Waldon,wdoniserf@washington.edu,Male,239.243.195.49
Jordon,jjoutapaitisrg@msn.com,Male,83.83.113.134
Michell,mburnuprh@myspace.com,Female,8.228.56.5
Leif,lmaccafferkyri@narod.ru,Male,32.22.186.235
Wright,wuttridgerj@webnode.com,Male,200.151.229.33
Bat,bgreystockrk@cbc.ca,Male,163.199.206.48
Archambault,afaulksrl@amazon.com,Male,56.90.82.59
Esmaria,ehousamanrm@auda.org.au,Female,242.162.243.94
Alf,abirdwhistellrn@smugmug.com,Male,38.136.126.178
Edgard,enugentro@booking.com,Male,227.88.250.137
Verne,vlindsayrp@github.com,Male,184.208.157.109
Zilvia,zbrevittrq@nsw.gov.au,Genderqueer,155.203.115.198
Selena,shurlstonrr@walmart.com,Female,249.71.121.110
